{"cameraMode":{"drawMode":0,"name":"Shaded","section":"Shading Mode"},"sceneLighting":false,"audioPlay":false,"sceneViewState":{"showFog":true,"showMaterialUpdate":false,"showSkybox":true,"showFlares":true,"showImageEffects":true,"showParticleSystems":true},"in2DMode":false,"pivot":{"x":-0.3796802759170532,"y":-0.17029058933258058,"z":0.3500499725341797},"rotation":{"x":-0.19937162101268769,"y":-0.21496427059173585,"z":0.044877056032419208,"w":-0.9550012350082398},"size":2.8578836917877199,"orthographic":false}