{"cameraMode":{"drawMode":0,"name":"Shaded","section":"Shading Mode"},"sceneLighting":false,"audioPlay":false,"sceneViewState":{"showFog":true,"showMaterialUpdate":false,"showSkybox":true,"showFlares":true,"showImageEffects":true,"showParticleSystems":true},"in2DMode":false,"pivot":{"x":0.015660366043448449,"y":0.048002347350120547,"z":0.0823211520910263},"rotation":{"x":-0.2028782069683075,"y":-0.011165674775838852,"z":0.002313400851562619,"w":-0.9791375994682312},"size":0.31819063425064089,"orthographic":false}