{"cameraMode":{"drawMode":0,"name":"Shaded","section":"Shading Mode"},"sceneLighting":false,"audioPlay":false,"sceneViewState":{"showFog":true,"showMaterialUpdate":false,"showSkybox":true,"showFlares":true,"showImageEffects":true,"showParticleSystems":true},"in2DMode":false,"pivot":{"x":0.0401611328125,"y":0.2535839080810547,"z":0.118896484375},"rotation":{"x":-0.035931915044784549,"y":-0.05782829225063324,"z":0.0020827343687415125,"w":-0.9976775646209717},"size":0.3664020001888275,"orthographic":true}