{"cameraMode":{"drawMode":0,"name":"Shaded","section":"Shading Mode"},"sceneLighting":false,"audioPlay":false,"sceneViewState":{"showFog":true,"showMaterialUpdate":false,"showSkybox":true,"showFlares":true,"showImageEffects":true,"showParticleSystems":true},"in2DMode":false,"pivot":{"x":0.4696691632270813,"y":0.0009440183639526367,"z":-0.17924284934997559},"rotation":{"x":-0.1902572065591812,"y":-0.2792326807975769,"z":0.0565478540956974,"w":-0.9394858479499817},"size":2.8578836917877199,"orthographic":false}