{"cameraMode":{"drawMode":0,"name":"Shaded","section":"Shading Mode"},"sceneLighting":false,"audioPlay":false,"sceneViewState":{"showFog":true,"showMaterialUpdate":false,"showSkybox":true,"showFlares":true,"showImageEffects":true,"showParticleSystems":true},"in2DMode":false,"pivot":{"x":1253.0623779296875,"y":186.43603515625,"z":-216.674072265625},"rotation":{"x":-0.19926758110523225,"y":-0.1428907811641693,"z":0.029383504763245584,"w":-0.9690259695053101},"size":3565.806884765625,"orthographic":false}