{"cameraMode":{"drawMode":0,"name":"Shaded","section":"Shading Mode"},"sceneLighting":false,"audioPlay":false,"sceneViewState":{"showFog":true,"showMaterialUpdate":false,"showSkybox":true,"showFlares":true,"showImageEffects":true,"showParticleSystems":true},"in2DMode":false,"pivot":{"x":2.773073196411133,"y":1.9720053672790528,"z":-1.670691967010498},"rotation":{"x":-0.12122514098882675,"y":-0.06784425675868988,"z":0.008304983377456665,"w":-0.9902690052986145},"size":30.51736068725586,"orthographic":false}