{"cameraMode":{"drawMode":0,"name":"Shaded","section":"Shading Mode"},"sceneLighting":false,"audioPlay":false,"sceneViewState":{"showFog":true,"showMaterialUpdate":false,"showSkybox":true,"showFlares":true,"showImageEffects":true,"showParticleSystems":true},"in2DMode":false,"pivot":{"x":-0.12001654505729675,"y":0.055224061012268069,"z":0.15096139907836915},"rotation":{"x":0.2568930685520172,"y":-0.48934879899024966,"z":0.15346597135066987,"w":0.8191409707069397},"size":0.6946440935134888,"orthographic":false}