{"cameraMode":{"drawMode":0,"name":"Shaded","section":"Shading Mode"},"sceneLighting":false,"audioPlay":false,"sceneViewState":{"showFog":true,"showMaterialUpdate":false,"showSkybox":true,"showFlares":true,"showImageEffects":true,"showParticleSystems":true},"in2DMode":false,"pivot":{"x":-0.47381591796875,"y":0.306884765625,"z":0.24517822265625},"rotation":{"x":0.11394316703081131,"y":-0.440253883600235,"z":0.05643858388066292,"w":0.8888240456581116},"size":0.6223371624946594,"orthographic":true}