{"cameraMode":{"drawMode":0,"name":"Shaded","section":"Shading Mode"},"sceneLighting":false,"audioPlay":false,"sceneViewState":{"showFog":true,"showMaterialUpdate":false,"showSkybox":true,"showFlares":true,"showImageEffects":true,"showParticleSystems":true},"in2DMode":false,"pivot":{"x":0.2328740656375885,"y":0.3025054931640625,"z":0.08309389650821686},"rotation":{"x":-0.17087715864181519,"y":-0.6090825796127319,"z":0.1365225911140442,"w":-0.7623523473739624},"size":0.6456538438796997,"orthographic":false}